Type,Name,Request Count,Failure Count,Median Response Time,Average Response Time,Min Response Time,Max Response Time,Average Content Size,Requests/s,Failures/s,50%,66%,75%,80%,90%,95%,98%,99%,99.9%,99.99%,100%
GET,/,2293,0,4,3.7144889454772465,1.0800760001075105,18.15171799989912,585.0,327.33170596729997,0.0,4,4,4,5,5,6,7,7,16,18,18
POST,/purchasePlaces,2217,0,4,4.021064810120703,1.273038000363158,16.109548000713403,1254.0,316.48250856062106,0.0,4,4,5,5,6,6,7,7,10,16,16
POST,/showSummary,2243,0,4,3.9388523776296314,1.3540400004785624,16.782200000307057,1153.0,320.1940760944849,0.0,4,4,5,5,6,6,7,8,14,17,17
,Aggregated,6753,0,4,3.8896593690271266,1.0800760001075105,18.15171799989912,993.2921664445431,964.0082906224059,0.0,4,4,5,5,5,6,7,7,15,18,18
