Type,Name,Request Count,Failure Count,Median Response Time,Average Response Time,Min Response Time,Max Response Time,Average Content Size,Requests/s,Failures/s,50%,66%,75%,80%,90%,95%,98%,99%,99.9%,99.99%,100%
GET,/,2248,0,3,3.5968927144514375,0.9770780015969649,19.13383999999496,585.0,321.0091185046077,0.0,3,4,4,4,5,6,7,9,18,19,19
POST,/purchasePlaces,2313,0,4,3.918336656669124,1.283224999497179,18.95076499931747,1655.0,330.2909657923299,0.0,4,4,5,5,5,6,7,9,17,19,19
POST,/showSummary,2411,0,4,3.7676264217957827,1.2229309977556113,22.11982999870088,1540.0,344.2851355492034,0.0,4,4,4,5,5,6,7,9,16,22,22
,Aggregated,6972,0,4,3.7625752742272156,0.9770780015969649,22.11982999870088,1270.2287722317842,995.5852198461411,0.0,4,4,4,5,5,6,7,9,17,22,22
