Type,Name,Request Count,Failure Count,Median Response Time,Average Response Time,Min Response Time,Max Response Time,Average Content Size,Requests/s,Failures/s,50%,66%,75%,80%,90%,95%,98%,99%,99.9%,99.99%,100%
GET,/,2342,0,3,3.512571751944937,1.0163619990635198,17.93275700038066,585.0,334.3203933105835,0.0,3,4,4,5,5,6,7,7,18,18,18
POST,/purchasePlaces,2367,0,4,3.8708187300706536,1.1086859994975384,26.83545499894535,1942.0,337.8891421717127,0.0,4,4,5,5,6,6,7,8,17,27,27
POST,/showSummary,2360,0,4,3.733595261860886,1.0830870014615357,17.658591001236346,1827.0,336.88989249059654,0.0,4,4,4,5,5,6,7,8,14,18,18
,Aggregated,7069,0,4,3.7063171304461693,1.0163619990635198,26.83545499894535,1454.0251803649737,1009.0994279728927,0.0,4,4,4,5,5,6,7,8,17,27,27
