Type,Name,Request Count,Failure Count,Median Response Time,Average Response Time,Min Response Time,Max Response Time,Average Content Size,Requests/s,Failures/s,50%,66%,75%,80%,90%,95%,98%,99%,99.9%,99.99%,100%
GET,/,2313,0,3,3.5415013082587756,1.0724489984568208,15.400681000755867,585.0,330.20986458142653,0.0,3,4,4,4,5,6,6,7,14,15,15
POST,/purchasePlaces,2371,0,4,3.8933689717065727,1.313841999944998,19.897072001185734,1942.0,338.49009464875155,0.0,4,4,5,5,5,6,7,8,15,20,20
POST,/showSummary,2322,0,4,3.7856128888807854,1.2052980018779635,17.128742998465896,1827.0,331.4947278677356,0.0,4,4,4,5,5,6,7,7,14,17,17
,Aggregated,7006,0,4,3.741487794162149,1.0724489984568208,19.897072001185734,1455.8779617470739,1000.1946870979136,0.0,4,4,4,5,5,6,7,7,15,20,20
