Type,Name,Request Count,Failure Count,Median Response Time,Average Response Time,Min Response Time,Max Response Time,Average Content Size,Requests/s,Failures/s,50%,66%,75%,80%,90%,95%,98%,99%,99.9%,99.99%,100%
GET,/,3018,0,3,2.7837081587284582,0.6758899999113055,6.9996689999243245,496.0,430.90170880803294,0.0,3,3,3,4,4,5,5,6,6,7,7
POST,/purchasePlaces,2951,0,3,3.0200230359307487,0.8580520006944425,7.332494000365841,903.3615723483565,421.33563376159884,0.0,3,3,4,4,4,5,5,6,7,7,7
POST,/showSummary,3075,0,3,2.9544393505648627,0.8026269988476997,11.590853999223327,810.3427642276423,439.04001145947694,0.0,3,3,4,4,4,5,5,6,7,12,12
,Aggregated,9044,0,3,2.9188655688922025,0.6758899999113055,11.590853999223327,735.797434763379,1291.2773540291087,0.0,3,3,4,4,4,5,5,6,7,12,12
